{
  "main": {
    "id": "5d2280774e8f4414",
    "type": "split",
    "children": [
      {
        "id": "3e70137605fd7f63",
        "type": "tabs",
        "children": [
          {
            "id": "1996e5320ae7dc4d",
            "type": "leaf",
            "state": {
              "type": "markdown",
              "state": {
                "file": "2023-05-10-fix-latex.md",
                "mode": "source",
                "source": false
              }
            }
          },
          {
            "id": "1127b33580847711",
            "type": "leaf",
            "state": {
              "type": "markdown",
              "state": {
                "file": "2023-05-10-fix-latex.md",
                "mode": "source",
                "source": false
              }
            }
          }
        ],
        "currentTab": 1
      }
    ],
    "direction": "vertical"
  },
  "left": {
    "id": "a8d418e75eaa1917",
    "type": "split",
    "children": [
      {
        "id": "cd283e1295abc7f0",
        "type": "tabs",
        "children": [
          {
            "id": "8bef8f496d10d528",
            "type": "leaf",
            "state": {
              "type": "file-explorer",
              "state": {
                "sortOrder": "alphabetical"
              }
            }
          },
          {
            "id": "e848682592056d5c",
            "type": "leaf",
            "state": {
              "type": "search",
              "state": {
                "query": "",
                "matchingCase": false,
                "explainSearch": false,
                "collapseAll": false,
                "extraContext": false,
                "sortOrder": "alphabetical"
              }
            }
          },
          {
            "id": "c68411e1fc3072de",
            "type": "leaf",
            "state": {
              "type": "bookmarks",
              "state": {}
            }
          }
        ]
      }
    ],
    "direction": "horizontal",
    "width": 300
  },
  "right": {
    "id": "8f2e452be9f5d1aa",
    "type": "split",
    "children": [
      {
        "id": "cf1a84805480d344",
        "type": "tabs",
        "children": [
          {
            "id": "1f8f1e53558ef18d",
            "type": "leaf",
            "state": {
              "type": "backlink",
              "state": {
                "file": "2023-05-10-fix-latex.md",
                "collapseAll": false,
                "extraContext": false,
                "sortOrder": "alphabetical",
                "showSearch": false,
                "searchQuery": "",
                "backlinkCollapsed": false,
                "unlinkedCollapsed": true
              }
            }
          },
          {
            "id": "c3d38fdf38d54776",
            "type": "leaf",
            "state": {
              "type": "outgoing-link",
              "state": {
                "file": "2023-05-10-fix-latex.md",
                "linksCollapsed": false,
                "unlinkedCollapsed": true
              }
            }
          },
          {
            "id": "374b2a6eedd60090",
            "type": "leaf",
            "state": {
              "type": "tag",
              "state": {
                "sortOrder": "frequency",
                "useHierarchy": true
              }
            }
          },
          {
            "id": "d7ba8cb19da2924d",
            "type": "leaf",
            "state": {
              "type": "outline",
              "state": {
                "file": "2023-05-10-fix-latex.md"
              }
            }
          }
        ]
      }
    ],
    "direction": "horizontal",
    "width": 300,
    "collapsed": true
  },
  "left-ribbon": {
    "hiddenItems": {
      "switcher:퀵 스위처 열기": false,
      "graph:그래프 뷰 열기": false,
      "canvas:새 캔버스 만들기": false,
      "daily-notes:오늘의 데일리 노트 열기": false,
      "templates:템플릿 삽입": false,
      "command-palette:명령어 팔레트 열기": false
    }
  },
  "active": "1127b33580847711",
  "lastOpenFiles": [
    "2023-05-09-matkor.md",
    "2023-05-10-fix-latex.md",
    "images/다운로드.png",
    "다운로드.png",
    "images",
    "2023-05-08-insert-img.md",
    "2023-05-03-How to write posts.md",
    "2023-05-04-study rust.md",
    "Pasted image 20230509221609.png",
    "Pasted image 20230509221448.png",
    "Pasted image 20230509200846.png",
    "Pasted image 20230509200838.png",
    "Pasted image 20230509195857.png",
    "Pasted image 20230509195748.png",
    "Pasted image 20230509194548.png"
  ]
}